{
  "train": {
    "year_2015": {
      "MALE": 0.06329607218503952,
      "RMSLE": 0.12077926844358444,
      "logR2": 0.940487545724404,
      "MAE": 0.18758757412433624,
      "RMSE": 0.35981687903404236,
      "R2": 0.9730233091916467
    },
    "year_2016": {
      "MALE": 0.06804969161748886,
      "RMSLE": 0.1323152482509613,
      "logR2": 0.9368276929053183,
      "MAE": 0.1975465565919876,
      "RMSE": 0.4047826826572418,
      "R2": 0.9666752343514858
    },
    "year_2017": {
      "MALE": 0.07327903807163239,
      "RMSLE": 0.14221787452697754,
      "logR2": 0.9284728474034674,
      "MAE": 0.21396757662296295,
      "RMSE": 0.4494189918041229,
      "R2": 0.9599218471270806
    },
    "year_2018": {
      "MALE": 0.07596342265605927,
      "RMSLE": 0.14843778312206268,
      "logR2": 0.9226984301084122,
      "MAE": 0.22528935968875885,
      "RMSE": 0.48245713114738464,
      "R2": 0.9545346135823027
    },
    "year_2019": {
      "MALE": 0.07758155465126038,
      "RMSLE": 0.15154702961444855,
      "logR2": 0.9196812518443793,
      "MAE": 0.23115719854831696,
      "RMSE": 0.49876198172569275,
      "R2": 0.9517313049578864
    },
    "year_2020": {
      "MALE": 0.07952005416154861,
      "RMSLE": 0.1528840959072113,
      "logR2": 0.9184594006048339,
      "MAE": 0.2335999459028244,
      "RMSE": 0.5024012923240662,
      "R2": 0.9510470894109226
    },
    "overall": {
      "MALE": 0.07302803546190262,
      "RMSLE": 0.14199046790599823,
      "logR2": 0.9273382801029881,
      "MAE": 0.21508431434631348,
      "RMSE": 0.45331472158432007,
      "R2": 0.959171092170795
    }
  },
  "val": {
    "year_2015": {
      "MALE": 0.06784742325544357,
      "RMSLE": 0.12737944722175598,
      "logR2": 0.9337547878696051,
      "MAE": 0.2109145224094391,
      "RMSE": 0.42763736844062805,
      "R2": 0.9619004878985187
    },
    "year_2016": {
      "MALE": 0.0732860416173935,
      "RMSLE": 0.14048326015472412,
      "logR2": 0.9285899121727481,
      "MAE": 0.2253652960062027,
      "RMSE": 0.4778754711151123,
      "R2": 0.9534327857996822
    },
    "year_2017": {
      "MALE": 0.07874064892530441,
      "RMSLE": 0.1505536288022995,
      "logR2": 0.9196141664437205,
      "MAE": 0.24468426406383514,
      "RMSE": 0.5295478701591492,
      "R2": 0.9441317034602101
    },
    "year_2018": {
      "MALE": 0.08172058314085007,
      "RMSLE": 0.15713389217853546,
      "logR2": 0.9131364694227175,
      "MAE": 0.2573334276676178,
      "RMSE": 0.5637544989585876,
      "R2": 0.9376172099208651
    },
    "year_2019": {
      "MALE": 0.08322667330503464,
      "RMSLE": 0.15994985401630402,
      "logR2": 0.9103233438711181,
      "MAE": 0.2629726529121399,
      "RMSE": 0.5791463851928711,
      "R2": 0.9345893869082338
    },
    "year_2020": {
      "MALE": 0.08507577329874039,
      "RMSLE": 0.16103751957416534,
      "logR2": 0.9092997056517326,
      "MAE": 0.26588138937950134,
      "RMSE": 0.5832337737083435,
      "R2": 0.9336842218926724
    },
    "overall": {
      "MALE": 0.07840102165937424,
      "RMSLE": 0.15007677674293518,
      "logR2": 0.9186302465865411,
      "MAE": 0.2447984665632248,
      "RMSE": 0.5306943655014038,
      "R2": 0.9438358611198188
    }
  },
  "test": {
    "year_2015": {
      "MALE": 0.06901128590106964,
      "RMSLE": 0.1300366371870041,
      "logR2": 0.9312742259397206,
      "MAE": 0.21417704224586487,
      "RMSE": 0.4228604733943939,
      "R2": 0.963789901065128
    },
    "year_2016": {
      "MALE": 0.07393180578947067,
      "RMSLE": 0.14232851564884186,
      "logR2": 0.9271015464225889,
      "MAE": 0.22770817577838898,
      "RMSE": 0.4822900891304016,
      "R2": 0.953999636657543
    },
    "year_2017": {
      "MALE": 0.07943323254585266,
      "RMSLE": 0.1521606147289276,
      "logR2": 0.9183412292692552,
      "MAE": 0.24635280668735504,
      "RMSE": 0.5250002145767212,
      "R2": 0.9467388850603982
    },
    "year_2018": {
      "MALE": 0.08247040212154388,
      "RMSLE": 0.15834940969944,
      "logR2": 0.91230134527037,
      "MAE": 0.25926023721694946,
      "RMSE": 0.5598909854888916,
      "R2": 0.9403746195402967
    },
    "year_2019": {
      "MALE": 0.08413038402795792,
      "RMSLE": 0.16168183088302612,
      "logR2": 0.908808206959099,
      "MAE": 0.2657923698425293,
      "RMSE": 0.5764462351799011,
      "R2": 0.9371613622917242
    },
    "year_2020": {
      "MALE": 0.08610178530216217,
      "RMSLE": 0.16275620460510254,
      "logR2": 0.9078059795368776,
      "MAE": 0.26834994554519653,
      "RMSE": 0.5782800316810608,
      "R2": 0.9367689167249875
    },
    "overall": {
      "MALE": 0.07926326245069504,
      "RMSLE": 0.1518351435661316,
      "logR2": 0.9171454250993826,
      "MAE": 0.2472095489501953,
      "RMSE": 0.5278992652893066,
      "R2": 0.9460916707132924
    }
  },
  "time_used": {
    "train_time": {
      "seconds": 355.76
    }
  }
}